Entrez Gene ID,Gene Name,Description
43,ACHE,acetylcholinesterase (Yt blood group)
95,ACY1,aminoacylase 1
104,ADARB1,"adenosine deaminase, RNA-specific, B1"
141,ADPRH,ADP-ribosylarginine hydrolase
142,PARP1,poly (ADP-ribose) polymerase 1
185,AGTR1,"angiotensin II receptor, type 1"
196,AHR,aryl hydrocarbon receptor
199,AIF1,allograft inflammatory factor 1
231,AKR1B1,"aldo-keto reductase family 1, member B1 (aldose reductase)"
246,ALOX15,arachidonate 15-lipoxygenase
247,ALOX15B,"arachidonate 15-lipoxygenase, type B"
249,ALPL,"alkaline phosphatase, liver/bone/kidney"
268,AMH,anti-Mullerian hormone
274,BIN1,bridging integrator 1
301,ANXA1,annexin A1
310,ANXA7,annexin A7
317,APAF1,apoptotic peptidase activating factor 1
324,APC,adenomatous polyposis coli
355,FAS,Fas cell surface death receptor
375,ARF1,ADP-ribosylation factor 1
383,ARG1,arginase 1
387,RHOA,ras homolog family member A
388,RHOB,ras homolog family member B
390,RND3,Rho family GTPase 3
401,PHOX2A,paired-like homeobox 2a
406,ARNTL,aryl hydrocarbon receptor nuclear translocator-like
429,ASCL1,achaete-scute family bHLH transcription factor 1
445,ASS1,argininosuccinate synthase 1
463,ZFHX3,zinc finger homeobox 3
467,ATF3,activating transcription factor 3
472,ATM,ATM serine/threonine kinase
545,ATR,ATR serine/threonine kinase
563,AZGP1,"alpha-2-glycoprotein 1, zinc-binding"
580,BARD1,BRCA1 associated RING domain 1
581,BAX,BCL2-associated X protein
613,BCR,breakpoint cluster region
634,CEACAM1,carcinoembryonic antigen-related cell adhesion molecule 1 (biliary glycoprotein)
638,BIK,BCL2-interacting killer (apoptosis-inducing)
639,PRDM1,"PR domain containing 1, with ZNF domain"
641,BLM,"Bloom syndrome, RecQ helicase-like"
650,BMP2,bone morphogenetic protein 2
652,BMP4,bone morphogenetic protein 4
657,BMPR1A,"bone morphogenetic protein receptor, type IA"
659,BMPR2,"bone morphogenetic protein receptor, type II (serine/threonine kinase)"
665,BNIP3L,BCL2/adenovirus E1B 19kDa interacting protein 3-like
668,FOXL2,forkhead box L2
672,BRCA1,"breast cancer 1, early onset"
675,BRCA2,"breast cancer 2, early onset"
678,ZFP36L2,ZFP36 ring finger protein-like 2
688,KLF5,Kruppel-like factor 5 (intestinal)
695,BTK,Bruton agammaglobulinemia tyrosine kinase
822,CAPG,"capping protein (actin filament), gelsolin-like"
835,CASP2,"caspase 2, apoptosis-related cysteine peptidase"
838,CASP5,"caspase 5, apoptosis-related cysteine peptidase"
841,CASP8,"caspase 8, apoptosis-related cysteine peptidase"
847,CAT,catalase
857,CAV1,"caveolin 1, caveolae protein, 22kDa"
860,RUNX2,runt-related transcription factor 2
861,RUNX1,runt-related transcription factor 1
863,CBFA2T3,"core-binding factor, runt domain, alpha subunit 2; translocated to, 3"
864,RUNX3,runt-related transcription factor 3
867,CBL,"Cbl proto-oncogene, E3 ubiquitin protein ligase"
889,KRIT1,"KRIT1, ankyrin repeat containing"
892,CCNC,cyclin C
920,CD4,CD4 molecule
960,CD44,CD44 molecule (Indian blood group)
999,CDH1,"cadherin 1, type 1, E-cadherin (epithelial)"
1002,CDH4,"cadherin 4, type 1, R-cadherin (retinal)"
1003,CDH5,"cadherin 5, type 2 (vascular endothelium)"
1009,CDH11,"cadherin 11, type 2, OB-cadherin (osteoblast)"
1012,CDH13,cadherin 13
1015,CDH17,"cadherin 17, LI cadherin (liver-intestine)"
1017,CDK2,cyclin-dependent kinase 2
1021,CDK6,cyclin-dependent kinase 6
1026,CDKN1A,"cyclin-dependent kinase inhibitor 1A (p21, Cip1)"
1027,CDKN1B,"cyclin-dependent kinase inhibitor 1B (p27, Kip1)"
1028,CDKN1C,"cyclin-dependent kinase inhibitor 1C (p57, Kip2)"
1029,CDKN2A,cyclin-dependent kinase inhibitor 2A
1030,CDKN2B,"cyclin-dependent kinase inhibitor 2B (p15, inhibits CDK4)"
1031,CDKN2C,"cyclin-dependent kinase inhibitor 2C (p18, inhibits CDK4)"
1036,CDO1,cysteine dioxygenase type 1
1045,CDX2,caudal type homeobox 2
1050,CEBPA,"CCAAT/enhancer binding protein (C/EBP), alpha"
1052,CEBPD,"CCAAT/enhancer binding protein (C/EBP), delta"
1080,CFTR,"cystic fibrosis transmembrane conductance regulator (ATP-binding cassette sub-family C, member 7)"
1105,CHD1,chromodomain helicase DNA binding protein 1
1111,CHEK1,checkpoint kinase 1
1147,CHUK,conserved helix-loop-helix ubiquitous kinase
1191,CLU,clusterin
1264,CNN1,"calponin 1, basic, smooth muscle"
1316,KLF6,Kruppel-like factor 6
1326,MAP3K8,mitogen-activated protein kinase kinase kinase 8
1387,CREBBP,CREB binding protein
1390,CREM,cAMP responsive element modulator
1437,CSF2,colony stimulating factor 2 (granulocyte-macrophage)
1452,CSNK1A1,"casein kinase 1, alpha 1"
1473,CST5,cystatin D
1474,CST6,cystatin E/M
1490,CTGF,connective tissue growth factor
1496,CTNNA2,"catenin (cadherin-associated protein), alpha 2"
1500,CTNND1,"catenin (cadherin-associated protein), delta 1"
1523,CUX1,cut-like homeobox 1
1528,CYB5A,cytochrome b5 type A (microsomal)
1540,CYLD,cylindromatosis (turban tumor syndrome)
1601,DAB2,"Dab, mitogen-responsive phosphoprotein, homolog 2 (Drosophila)"
1602,DACH1,dachshund family transcription factor 1
1612,DAPK1,death-associated protein kinase 1
1613,DAPK3,death-associated protein kinase 3
1620,BRINP1,bone morphogenetic protein/retinoic acid inducible neural-specific 1
1630,DCC,DCC netrin 1 receptor
1634,DCN,decorin
1643,DDB2,"damage-specific DNA binding protein 2, 48kDa"
1647,GADD45A,"growth arrest and DNA-damage-inducible, alpha"
1654,DDX3X,"DEAD (Asp-Glu-Ala-Asp) box helicase 3, X-linked"
1672,DEFB1,"defensin, beta 1"
1676,DFFA,"DNA fragmentation factor, 45kDa, alpha polypeptide"
1687,DFNA5,"deafness, autosomal dominant 5"
1739,DLG1,"discs, large homolog 1 (Drosophila)"
1755,DMBT1,deleted in malignant brain tumors 1
1756,DMD,dystrophin
1786,DNMT1,DNA (cytosine-5-)-methyltransferase 1
1788,DNMT3A,DNA (cytosine-5-)-methyltransferase 3 alpha
1789,DNMT3B,DNA (cytosine-5-)-methyltransferase 3 beta
1796,DOK1,"docking protein 1, 62kDa (downstream of tyrosine kinase 1)"
1801,DPH1,diphthamide biosynthesis 1
1803,DPP4,dipeptidyl-peptidase 4
1825,DSC3,desmocollin 3
1832,DSP,desmoplakin
1843,DUSP1,dual specificity phosphatase 1
1847,DUSP5,dual specificity phosphatase 5
1848,DUSP6,dual specificity phosphatase 6
1852,DUSP9,dual specificity phosphatase 9
1869,E2F1,E2F transcription factor 1
1870,E2F2,E2F transcription factor 2
1871,E2F3,E2F transcription factor 3
1894,ECT2,epithelial cell transforming 2
1910,EDNRB,endothelin receptor type B
1915,EEF1A1,eukaryotic translation elongation factor 1 alpha 1
1946,EFNA5,ephrin-A5
1958,EGR1,early growth response 1
1959,EGR2,early growth response 2
1969,EPHA2,EPH receptor A2
2012,EMP1,epithelial membrane protein 1
2013,EMP2,epithelial membrane protein 2
2034,EPAS1,endothelial PAS domain protein 1
2035,EPB41,erythrocyte membrane protein band 4.1
2041,EPHA1,EPH receptor A1
2042,EPHA3,EPH receptor A3
2048,EPHB2,EPH receptor B2
2049,EPHB3,EPH receptor B3
2050,EPHB4,EPH receptor B4
2051,EPHB6,EPH receptor B6
2066,ERBB4,erb-b2 receptor tyrosine kinase 4
2070,EYA4,EYA transcriptional coactivator and phosphatase 4
2077,ERF,Ets2 repressor factor
2099,ESR1,estrogen receptor 1
2100,ESR2,estrogen receptor 2 (ER beta)
2103,ESRRB,estrogen-related receptor beta
2114,ETS2,v-ets avian erythroblastosis virus E26 oncogene homolog 2
2120,ETV6,ets variant 6
2131,EXT1,exostosin glycosyltransferase 1
2132,EXT2,exostosin glycosyltransferase 2
2134,EXTL1,exostosin-like glycosyltransferase 1
2135,EXTL2,exostosin-like glycosyltransferase 2
2137,EXTL3,exostosin-like glycosyltransferase 3
2145,EZH1,enhancer of zeste 1 polycomb repressive complex 2 subunit
2146,EZH2,enhancer of zeste 2 polycomb repressive complex 2 subunit
2170,FABP3,"fatty acid binding protein 3, muscle and heart"
2189,FANCG,"Fanconi anemia, complementation group G"
2192,FBLN1,fibulin 1
2195,FAT1,FAT atypical cadherin 1
2203,FBP1,"fructose-1, 6-bisphosphatase 1"
2262,GPC5,glypican 5
2271,FH,fumarate hydratase
2272,FHIT,fragile histidine triad
2273,FHL1,four and a half LIM domains 1
2296,FOXC1,forkhead box C1
2308,FOXO1,forkhead box O1
2309,FOXO3,forkhead box O3
2316,FLNA,"filamin A, alpha"
2322,FLT3,fms-related tyrosine kinase 3
2395,FXN,frataxin
2444,FRK,fyn-related Src family tyrosine kinase
2521,FUS,FUS RNA binding protein
2587,GALR1,galanin receptor 1
2619,GAS1,growth arrest-specific 1
2626,GATA4,GATA binding protein 4
2633,GBP1,"guanylate binding protein 1, interferon-inducible"
2697,GJA1,"gap junction protein, alpha 1, 43kDa"
2706,GJB2,"gap junction protein, beta 2, 26kDa"
2719,GPC3,glypican 3
2735,GLI1,GLI family zinc finger 1
2779,GNAT1,"guanine nucleotide binding protein (G protein), alpha transducing activity polypeptide 1"
2810,SFN,stratifin
2878,GPX3,glutathione peroxidase 3
2903,GRIN2A,"glutamate receptor, ionotropic, N-methyl D-aspartate 2A"
2932,GSK3B,glycogen synthase kinase 3 beta
2934,GSN,gelsolin
2950,GSTP1,glutathione S-transferase pi 1
2952,GSTT1,glutathione S-transferase theta 1
2972,BRF1,"BRF1, RNA polymerase III transcription initiation factor 90 kDa subunit"
2984,GUCY2C,guanylate cyclase 2C
3014,H2AFX,"H2A histone family, member X"
3065,HDAC1,histone deacetylase 1
3090,HIC1,hypermethylated in cancer 1
3091,HIF1A,"hypoxia inducible factor 1, alpha subunit (basic helix-loop-helix transcription factor)"
3094,HINT1,histidine triad nucleotide binding protein 1
3096,HIVEP1,human immunodeficiency virus type I enhancer binding protein 1
3104,ZBTB48,zinc finger and BTB domain containing 48
3164,NR4A1,"nuclear receptor subfamily 4, group A, member 1"
3169,FOXA1,forkhead box A1
3170,FOXA2,forkhead box A2
3172,HNF4A,"hepatocyte nuclear factor 4, alpha"
3175,ONECUT1,one cut homeobox 1
3248,HPGD,hydroxyprostaglandin dehydrogenase 15-(NAD)
3273,HRG,histidine-rich glycoprotein
3329,HSPD1,heat shock 60kDa protein 1 (chaperonin)
3337,DNAJB1,"DnaJ (Hsp40) homolog, subfamily B, member 1"
3394,IRF8,interferon regulatory factor 8
3400,ID4,"inhibitor of DNA binding 4, dominant negative helix-loop-helix protein"
3417,IDH1,"isocitrate dehydrogenase 1 (NADP+), soluble"
3428,IFI16,"interferon, gamma-inducible protein 16"
3479,IGF1,insulin-like growth factor 1 (somatomedin C)
3482,IGF2R,insulin-like growth factor 2 receptor
3483,IGFALS,"insulin-like growth factor binding protein, acid labile subunit"
3486,IGFBP3,insulin-like growth factor binding protein 3
3487,IGFBP4,insulin-like growth factor binding protein 4
3488,IGFBP5,insulin-like growth factor binding protein 5
3490,IGFBP7,insulin-like growth factor binding protein 7
3579,CXCR2,chemokine (C-X-C motif) receptor 2
3605,IL17A,interleukin 17A
3611,ILK,integrin-linked kinase
3621,ING1,"inhibitor of growth family, member 1"
3622,ING2,"inhibitor of growth family, member 2"
3627,CXCL10,chemokine (C-X-C motif) ligand 10
3651,PDX1,pancreatic and duodenal homeobox 1
3659,IRF1,interferon regulatory factor 1
3661,IRF3,interferon regulatory factor 3
3662,IRF4,interferon regulatory factor 4
3663,IRF5,interferon regulatory factor 5
3678,ITGA5,"integrin, alpha 5 (fibronectin receptor, alpha polypeptide)"
3679,ITGA7,"integrin, alpha 7"
3685,ITGAV,"integrin, alpha V"
3688,ITGB1,"integrin, beta 1 (fibronectin receptor, beta polypeptide, antigen CD29 includes MDF2, MSK12)"
3690,ITGB3,"integrin, beta 3 (platelet glycoprotein IIIa, antigen CD61)"
3728,JUP,junction plakoglobin
3732,CD82,CD82 molecule
3814,KISS1,KiSS-1 metastasis-suppressor
3880,KRT19,"keratin 19, type I"
3963,LGALS7,"lectin, galactoside-binding, soluble, 7"
3977,LIFR,leukemia inhibitory factor receptor alpha
3996,LLGL1,lethal giant larvae homolog 1 (Drosophila)
4013,VWA5A,von Willebrand factor A domain containing 5A
4015,LOX,lysyl oxidase
4033,LRMP,lymphoid-restricted membrane protein
4045,LSAMP,limbic system-associated membrane protein
4057,LTF,lactotransferrin
4082,MARCKS,myristoylated alanine-rich protein kinase C substrate
4087,SMAD2,SMAD family member 2
4089,SMAD4,SMAD family member 4
4118,MAL,"mal, T-cell differentiation protein"
4144,MAT2A,"methionine adenosyltransferase II, alpha"
4149,MAX,MYC associated factor X
4163,MCC,mutated in colorectal cancers
4216,MAP3K4,mitogen-activated protein kinase kinase kinase 4
4221,MEN1,multiple endocrine neoplasia I
4292,MLH1,mutL homolog 1
4303,FOXO4,forkhead box O4
4311,MME,membrane metallo-endopeptidase
4335,MNT,MAX network transcriptional repressor
4436,MSH2,mutS homolog 2
4477,MSMB,"microseminoprotein, beta-"
4485,MST1,macrophage stimulating 1
4486,MST1R,macrophage stimulating 1 receptor
4494,MT1F,metallothionein 1F
4495,MT1G,metallothionein 1G
4499,MT1M,metallothionein 1M
4502,MT2A,metallothionein 2A
4507,MTAP,methylthioadenosine phosphorylase
4601,MXI1,"MAX interactor 1, dimerization protein"
4616,GADD45B,"growth arrest and DNA-damage-inducible, beta"
4627,MYH9,"myosin, heavy chain 9, non-muscle"
4640,MYO1A,myosin IA
4683,NBN,nibrin
4692,NDN,"necdin, melanoma antigen (MAGE) family member"
4734,NEDD4,"neural precursor cell expressed, developmentally down-regulated 4, E3 ubiquitin protein ligase"
4763,NF1,neurofibromin 1
4771,NF2,neurofibromin 2 (merlin)
4773,NFATC2,"nuclear factor of activated T-cells, cytoplasmic, calcineurin-dependent 2"
4790,NFKB1,nuclear factor of kappa light polypeptide gene enhancer in B-cells 1
4804,NGFR,nerve growth factor receptor
4814,NINJ1,ninjurin 1
4824,NKX3-1,NK3 homeobox 1
4826,NNAT,neuronatin
4830,NME1,NME/NM23 nucleoside diphosphate kinase 1
4849,CNOT3,"CCR4-NOT transcription complex, subunit 3"
4851,NOTCH1,notch 1
4853,NOTCH2,notch 2
4854,NOTCH3,notch 3
4856,NOV,nephroblastoma overexpressed
4862,NPAS2,neuronal PAS domain protein 2
4869,NPM1,"nucleophosmin (nucleolar phosphoprotein B23, numatrin)"
4897,NRCAM,neuronal cell adhesion molecule
4899,NRF1,nuclear respiratory factor 1
4916,NTRK3,"neurotrophic tyrosine kinase, receptor, type 3"
4920,ROR2,receptor tyrosine kinase-like orphan receptor 2
4921,DDR2,discoidin domain receptor tyrosine kinase 2
4928,NUP98,nucleoporin 98kDa
4978,OPCML,opioid binding protein/cell adhesion molecule-like
5037,PEBP1,phosphatidylethanolamine binding protein 1
5047,PAEP,progestagen-associated endometrial protein
5048,PAFAH1B1,"platelet-activating factor acetylhydrolase 1b, regulatory subunit 1 (45kDa)"
5071,PARK2,parkin RBR E3 ubiquitin protein ligase
5074,PAWR,"PRKC, apoptosis, WT1, regulator"
5078,PAX4,paired box 4
5079,PAX5,paired box 5
5080,PAX6,paired box 6
5098,PCDHGC3,"protocadherin gamma subfamily C, 3"
5100,PCDH8,protocadherin 8
5101,PCDH9,protocadherin 9
5157,PDGFRL,platelet-derived growth factor receptor-like
5178,PEG3,paternally expressed 3
5196,PF4,platelet factor 4
5216,PFN1,profilin 1
5241,PGR,progesterone receptor
5245,PHB,prohibitin
5268,SERPINB5,"serpin peptidase inhibitor, clade B (ovalbumin), member 5"
5276,SERPINI2,"serpin peptidase inhibitor, clade I (pancpin), member 2"
5300,PIN1,"peptidylprolyl cis/trans isomerase, NIMA-interacting 1"
5310,PKD1,polycystic kidney disease 1 (autosomal dominant)
5316,PKNOX1,PBX/knotted 1 homeobox 1
5320,PLA2G2A,"phospholipase A2, group IIA (platelets, synovial fluid)"
5325,PLAGL1,pleiomorphic adenoma gene-like 1
5331,PLCB3,"phospholipase C, beta 3 (phosphatidylinositol-specific)"
5333,PLCD1,"phospholipase C, delta 1"
5337,PLD1,"phospholipase D1, phosphatidylcholine-specific"
5347,PLK1,polo-like kinase 1
5371,PML,promyelocytic leukemia
5411,PNN,"pinin, desmosome associated protein"
5414,Sep-04,septin 4
5465,PPARA,peroxisome proliferator-activated receptor alpha
5468,PPARG,peroxisome proliferator-activated receptor gamma
5494,PPM1A,"protein phosphatase, Mg2+/Mn2+ dependent, 1A"
5499,PPP1CA,"protein phosphatase 1, catalytic subunit, alpha isozyme"
5515,PPP2CA,"protein phosphatase 2, catalytic subunit, alpha isozyme"
5516,PPP2CB,"protein phosphatase 2, catalytic subunit, beta isozyme"
5519,PPP2R1B,"protein phosphatase 2, regulatory subunit A, beta"
5522,PPP2R2C,"protein phosphatase 2, regulatory subunit B, gamma"
5524,PPP2R4,"protein phosphatase 2A activator, regulatory subunit 4"
5527,PPP2R5C,"protein phosphatase 2, regulatory subunit B', gamma"
5533,PPP3CC,"protein phosphatase 3, catalytic subunit, gamma isozyme"
5562,PRKAA1,"protein kinase, AMP-activated, alpha 1 catalytic subunit"
5563,PRKAA2,"protein kinase, AMP-activated, alpha 2 catalytic subunit"
5573,PRKAR1A,"protein kinase, cAMP-dependent, regulatory, type I, alpha"
5579,PRKCB,"protein kinase C, beta"
5580,PRKCD,"protein kinase C, delta"
5581,PRKCE,"protein kinase C, epsilon"
5601,MAPK9,mitogen-activated protein kinase 9
5602,MAPK10,mitogen-activated protein kinase 10
5625,PRODH,proline dehydrogenase (oxidase) 1
5629,PROX1,prospero homeobox 1
5653,KLK6,kallikrein-related peptidase 6
5654,HTRA1,HtrA serine peptidase 1
5655,KLK10,kallikrein-related peptidase 10
5727,PTCH1,patched 1
5728,PTEN,phosphatase and tensin homolog
5729,PTGDR,prostaglandin D2 receptor (DP)
5770,PTPN1,"protein tyrosine phosphatase, non-receptor type 1"
5771,PTPN2,"protein tyrosine phosphatase, non-receptor type 2"
5777,PTPN6,"protein tyrosine phosphatase, non-receptor type 6"
5781,PTPN11,"protein tyrosine phosphatase, non-receptor type 11"
5782,PTPN12,"protein tyrosine phosphatase, non-receptor type 12"
5783,PTPN13,"protein tyrosine phosphatase, non-receptor type 13 (APO-1/CD95 (Fas)-associated phosphatase)"
5788,PTPRC,"protein tyrosine phosphatase, receptor type, C"
5789,PTPRD,"protein tyrosine phosphatase, receptor type, D"
5795,PTPRJ,"protein tyrosine phosphatase, receptor type, J"
5796,PTPRK,"protein tyrosine phosphatase, receptor type, K"
5887,RAD23B,RAD23 homolog B (S. cerevisiae)
5889,RAD51C,RAD51 paralog C
5906,RAP1A,"RAP1A, member of RAS oncogene family"
5909,RAP1GAP,RAP1 GTPase activating protein
5915,RARB,"retinoic acid receptor, beta"
5920,RARRES3,retinoic acid receptor responder (tazarotene induced) 3
5925,RB1,retinoblastoma 1
5927,KDM5A,lysine (K)-specific demethylase 5A
5931,RBBP7,retinoblastoma binding protein 7
5932,RBBP8,retinoblastoma binding protein 8
5933,RBL1,retinoblastoma-like 1
5934,RBL2,retinoblastoma-like 2
5936,RBM4,RNA binding motif protein 4
5947,RBP1,"retinol binding protein 1, cellular"
6041,RNASEL,"ribonuclease L (2', 5'-oligoisoadenylate synthetase-dependent)"
6050,RNH1,ribonuclease/angiogenin inhibitor 1
6091,ROBO1,"roundabout, axon guidance receptor, homolog 1 (Drosophila)"
6117,RPA1,"replication protein A1, 70kDa"
6125,RPL5,ribosomal protein L5
6134,RPL10,ribosomal protein L10
6135,RPL11,ribosomal protein L11
6196,RPS6KA2,"ribosomal protein S6 kinase, 90kDa, polypeptide 2"
6273,S100A2,S100 calcium binding protein A2
6282,S100A11,S100 calcium binding protein A11
6288,SAA1,serum amyloid A1
6294,SAFB,scaffold attachment factor B
6297,SALL2,spalt-like transcription factor 2
6387,CXCL12,chemokine (C-X-C motif) ligand 12
6389,SDHA,"succinate dehydrogenase complex, subunit A, flavoprotein (Fp)"
6390,SDHB,"succinate dehydrogenase complex, subunit B, iron sulfur (Ip)"
6392,SDHD,"succinate dehydrogenase complex, subunit D, integral membrane protein"
6405,SEMA3F,"sema domain, immunoglobulin domain (Ig), short basic domain, secreted, (semaphorin) 3F"
6416,MAP2K4,mitogen-activated protein kinase kinase 4
6422,SFRP1,secreted frizzled-related protein 1
6423,SFRP2,secreted frizzled-related protein 2
6424,SFRP4,secreted frizzled-related protein 4
6425,SFRP5,secreted frizzled-related protein 5
6477,SIAH1,siah E3 ubiquitin protein ligase 1
6498,SKIL,SKI-like proto-oncogene
6502,SKP2,"S-phase kinase-associated protein 2, E3 ubiquitin protein ligase"
6595,SMARCA2,"SWI/SNF related, matrix associated, actin dependent regulator of chromatin, subfamily a, member 2"
6596,HLTF,helicase-like transcription factor
6597,SMARCA4,"SWI/SNF related, matrix associated, actin dependent regulator of chromatin, subfamily a, member 4"
6598,SMARCB1,"SWI/SNF related, matrix associated, actin dependent regulator of chromatin, subfamily b, member 1"
6599,SMARCC1,"SWI/SNF related, matrix associated, actin dependent regulator of chromatin, subfamily c, member 1"
6648,SOD2,"superoxide dismutase 2, mitochondrial"
6656,SOX1,SRY (sex determining region Y)-box 1
6664,SOX11,SRY (sex determining region Y)-box 11
6665,SOX15,SRY (sex determining region Y)-box 15
6672,SP100,SP100 nuclear antigen
6678,SPARC,"secreted protein, acidic, cysteine-rich (osteonectin)"
6688,SPI1,Spi-1 proto-oncogene
6711,SPTBN1,"spectrin, beta, non-erythrocytic 1"
6764,ST5,suppression of tumorigenicity 5
6767,ST13,suppression of tumorigenicity 13 (colon carcinoma) (Hsp70 interacting protein)
6772,STAT1,"signal transducer and activator of transcription 1, 91kDa"
6774,STAT3,signal transducer and activator of transcription 3 (acute-phase response factor)
6776,STAT5A,signal transducer and activator of transcription 5A
6793,STK10,serine/threonine kinase 10
6794,STK11,serine/threonine kinase 11
6850,SYK,spleen tyrosine kinase
6876,TAGLN,transgelin
6898,TAT,tyrosine aminotransferase
6910,TBX5,T-box 5
6924,TCEB3,"transcription elongation factor B (SIII), polypeptide 3 (110kDa, elongin A)"
6925,TCF4,transcription factor 4
6929,TCF3,transcription factor 3
6934,TCF7L2,"transcription factor 7-like 2 (T-cell specific, HMG-box)"
6997,TDGF1,teratocarcinoma-derived growth factor 1
7020,TFAP2A,transcription factor AP-2 alpha (activating enhancer binding protein 2 alpha)
7040,TGFB1,"transforming growth factor, beta 1"
7044,LEFTY2,left-right determination factor 2
7045,TGFBI,"transforming growth factor, beta-induced, 68kDa"
7048,TGFBR2,"transforming growth factor, beta receptor II (70/80kDa)"
7049,TGFBR3,"transforming growth factor, beta receptor III"
7053,TGM3,transglutaminase 3
7056,THBD,thrombomodulin
7057,THBS1,thrombospondin 1
7067,THRA,"thyroid hormone receptor, alpha"
7068,THRB,"thyroid hormone receptor, beta"
7070,THY1,Thy-1 cell surface antigen
7071,KLF10,Kruppel-like factor 10
7078,TIMP3,TIMP metallopeptidase inhibitor 3
7128,TNFAIP3,"tumor necrosis factor, alpha-induced protein 3"
7157,TP53,tumor protein p53
7158,TP53BP1,tumor protein p53 binding protein 1
7159,TP53BP2,tumor protein p53 binding protein 2
7161,TP73,tumor protein p73
7182,NR2C2,"nuclear receptor subfamily 2, group C, member 2"
7184,HSP90B1,"heat shock protein 90kDa beta (Grp94), member 1"
7248,TSC1,tuberous sclerosis 1
7249,TSC2,tuberous sclerosis 2
7251,TSG101,tumor susceptibility 101
7262,PHLDA2,"pleckstrin homology-like domain, family A, member 2"
7268,TTC4,tetratricopeptide repeat domain 4
7270,TTF1,"transcription termination factor, RNA polymerase I"
7290,HIRA,histone cell cycle regulator
7345,UCHL1,ubiquitin carboxyl-terminal esterase L1 (ubiquitin thiolesterase)
7403,KDM6A,lysine (K)-specific demethylase 6A
7405,UVRAG,UV radiation resistance associated
7421,VDR,"vitamin D (1, 25- dihydroxyvitamin D3) receptor"
7422,VEGFA,vascular endothelial growth factor A
7428,VHL,"von Hippel-Lindau tumor suppressor, E3 ubiquitin protein ligase"
7429,VIL1,villin 1
7431,VIM,vimentin
7447,VSNL1,visinin-like 1
7462,LAT2,"linker for activation of T cells family, member 2"
7474,WNT5A,"wingless-type MMTV integration site family, member 5A"
7476,WNT7A,"wingless-type MMTV integration site family, member 7A"
7481,WNT11,"wingless-type MMTV integration site family, member 11"
7490,WT1,Wilms tumor 1
7520,XRCC5,X-ray repair complementing defective repair in Chinese hamster cells 5 (double-strand-break rejoining)
7538,ZFP36,ZFP36 ring finger protein
7545,ZIC1,Zic family member 1
7703,PCGF2,polycomb group ring finger 2
7704,ZBTB16,zinc finger and BTB domain containing 16
7739,ZNF185,zinc finger protein 185 (LIM domain)
7791,ZYX,zyxin
7799,PRDM2,"PR domain containing 2, with ZNF domain"
7832,BTG2,"BTG family, member 2"
7869,SEMA3B,"sema domain, immunoglobulin domain (Ig), short basic domain, secreted, (semaphorin) 3B"
7879,RAB7A,"RAB7A, member RAS oncogene family"
7941,PLA2G7,"phospholipase A2, group VII (platelet-activating factor acetylhydrolase, plasma)"
7965,AIMP2,aminoacyl tRNA synthetase complex-interacting multifunctional protein 2
7980,TFPI2,tissue factor pathway inhibitor 2
7982,ST7,suppression of tumorigenicity 7
8013,NR4A3,"nuclear receptor subfamily 4, group A, member 3"
8031,NCOA4,nuclear receptor coactivator 4
8065,CUL5,cullin 5
8099,CDK2AP1,cyclin-dependent kinase 2 associated protein 1
8100,IFT88,intraflagellar transport 88
8125,ANP32A,"acidic (leucine-rich) nuclear phosphoprotein 32 family, member A"
8190,MIA,melanoma inhibitory activity
8289,ARID1A,AT rich interactive domain 1A (SWI-like)
8312,AXIN1,axin 1
8313,AXIN2,axin 2
8314,BAP1,BRCA1 associated protein-1 (ubiquitin carboxy-terminal hydrolase)
8379,MAD1L1,MAD1 mitotic arrest deficient-like 1 (yeast)
8404,SPARCL1,SPARC-like 1 (hevin)
8405,SPOP,speckle-type POZ protein
8406,SRPX,"sushi-repeat containing protein, X-linked"
8431,NR0B2,"nuclear receptor subfamily 0, group B, member 2"
8434,RECK,reversion-inducing-cysteine-rich protein with kazal motifs
8437,RASAL1,RAS protein activator like 1 (GAP1 like)
8453,CUL2,cullin 2
8454,CUL1,cullin 1
8554,PIAS1,"protein inhibitor of activated STAT, 1"
8567,MADD,MAP-kinase activating death domain
8572,PDLIM4,PDZ and LIM domain 4
8577,TMEFF1,transmembrane protein with EGF-like and two follistatin-like domains 1
8626,TP63,tumor protein p63
8633,UNC5C,unc-5 homolog C (C. elegans)
8635,RNASET2,ribonuclease T2
8643,PTCH2,patched 2
8650,NUMB,numb homolog (Drosophila)
8651,SOCS1,suppressor of cytokine signaling 1
8665,EIF3F,"eukaryotic translation initiation factor 3, subunit F"
8678,BECN1,"beclin 1, autophagy related"
8682,PEA15,phosphoprotein enriched in astrocytes 15
8711,TNK1,"tyrosine kinase, non-receptor, 1"
8726,EED,embryonic ectoderm development
8742,TNFSF12,"tumor necrosis factor (ligand) superfamily, member 12"
8744,TNFSF9,"tumor necrosis factor (ligand) superfamily, member 9"
8772,FADD,Fas (TNFRSF6)-associated via death domain
8784,TNFRSF18,"tumor necrosis factor receptor superfamily, member 18"
8788,DLK1,delta-like 1 homolog (Drosophila)
8795,TNFRSF10B,"tumor necrosis factor receptor superfamily, member 10b"
8797,TNFRSF10A,"tumor necrosis factor receptor superfamily, member 10a"
8805,TRIM24,tripartite motif containing 24
8821,INPP4B,"inositol polyphosphate-4-phosphatase, type II, 105kDa"
8838,WISP3,WNT1 inducible signaling pathway protein 3
8841,HDAC3,histone deacetylase 3
8848,TSC22D1,"TSC22 domain family, member 1"
8854,ALDH1A2,"aldehyde dehydrogenase 1 family, member A2"
8856,NR1I2,"nuclear receptor subfamily 1, group I, member 2"
8864,PER2,period circadian clock 2
8870,IER3,immediate early response 3
8915,BCL10,B-cell CLL/lymphoma 10
8930,MBD4,methyl-CpG binding domain protein 4
8991,SELENBP1,selenium binding protein 1
8994,LIMD1,LIM domains containing 1
9021,SOCS3,suppressor of cytokine signaling 3
9025,RNF8,"ring finger protein 8, E3 ubiquitin protein ligase"
9046,DOK2,"docking protein 2, 56kDa"
9049,AIP,aryl hydrocarbon receptor interacting protein
9052,GPRC5A,"G protein-coupled receptor, class C, group 5, member A"
9076,CLDN1,claudin 1
9077,DIRAS3,"DIRAS family, GTP-binding RAS-like 3"
9093,DNAJA3,"DnaJ (Hsp40) homolog, subfamily A, member 3"
9113,LATS1,large tumor suppressor kinase 1
9141,PDCD5,programmed cell death 5
9148,NEURL1,neuralized E3 ubiquitin protein ligase 1
9255,AIMP1,aminoacyl tRNA synthetase complex-interacting multifunctional protein 1
9314,KLF4,Kruppel-like factor 4 (gut)
9318,COPS2,COP9 signalosome subunit 2
9353,SLIT2,slit homolog 2 (Drosophila)
9365,KL,klotho
9368,SLC9A3R1,"solute carrier family 9, subfamily A (NHE3, cation proton antiporter 3), member 3 regulator 1"
9411,ARHGAP29,Rho GTPase activating protein 29
9429,ABCG2,"ATP-binding cassette, sub-family G (WHITE), member 2 (Junior blood group)"
9447,AIM2,absent in melanoma 2
9455,HOMER2,homer scaffolding protein 2
9462,RASAL2,RAS protein activator like 2
9486,CHST10,carbohydrate sulfotransferase 10
9516,LITAF,lipopolysaccharide-induced TNF factor
9521,EEF1E1,eukaryotic translation elongation factor 1 epsilon 1
9538,EI24,etoposide induced 2.4
9547,CXCL14,chemokine (C-X-C motif) ligand 14
9590,AKAP12,A kinase (PRKA) anchor protein 12
9636,ISG15,ISG15 ubiquitin-like modifier
9656,MDC1,mediator of DNA-damage checkpoint 1
9667,SAFB2,scaffold attachment factor B2
9770,RASSF2,Ras association (RalGDS/AF-6) domain family member 2
9781,RNF144A,ring finger protein 144A
9788,MTSS1,metastasis suppressor 1
9821,RB1CC1,RB1-inducible coiled-coil 1
9891,NUAK1,"NUAK family, SNF1-like kinase, 1"
9901,SRGAP3,SLIT-ROBO Rho GTPase activating protein 3
9937,DCLRE1A,DNA cross-link repair 1A
9940,DLEC1,deleted in lung and esophageal cancer 1
9988,DMTF1,cyclin D binding myb-like transcription factor 1
10010,TANK,TRAF family member-associated NFKB activator
10018,BCL2L11,BCL2-like 11 (apoptosis facilitator)
10019,SH2B3,SH2B adaptor protein 3
10048,RANBP9,RAN binding protein 9
10077,TSPAN32,tetraspanin 32
10078,TSSC4,tumor suppressing subtransferable candidate 4
10152,ABI2,abl-interactor 2
10154,PLXNC1,plexin C1
10180,RBM6,RNA binding motif protein 6
10181,RBM5,RNA binding motif protein 5
10206,TRIM13,tripartite motif containing 13
10210,TOPORS,"topoisomerase I binding, arginine/serine-rich, E3 ubiquitin protein ligase"
10217,CTDSPL,"CTD (carboxy-terminal domain, RNA polymerase II, polypeptide A) small phosphatase-like"
10253,SPRY2,sprouty homolog 2 (Drosophila)
10273,STUB1,"STIP1 homology and U-box containing protein 1, E3 ubiquitin protein ligase"
10277,UBE4B,ubiquitination factor E4B
10320,IKZF1,IKAROS family zinc finger 1 (Ikaros)
10335,MRVI1,murine retrovirus integration site 1 homolog
10370,CITED2,"Cbp/p300-interacting transactivator, with Glu/Asp-rich carboxy-terminal domain, 2"
10395,DLC1,DLC1 Rho GTPase activating protein
10397,NDRG1,N-myc downstream regulated 1
10399,GNB2L1,"guanine nucleotide binding protein (G protein), beta polypeptide 2-like 1"
10409,BASP1,"brain abundant, membrane attached signal protein 1"
10413,YAP1,Yes-associated protein 1
10424,PGRMC2,progesterone receptor membrane component 2
10432,RBM14,RNA binding motif protein 14
10472,ZBTB18,zinc finger and BTB domain containing 18
10481,HOXB13,homeobox B13
10514,MYBBP1A,MYB binding protein (P160) 1a
10524,KAT5,K(lysine) acetyltransferase 5
10550,ARL6IP5,ADP-ribosylation factor-like 6 interacting protein 5
10553,HTATIP2,"HIV-1 Tat interactive protein 2, 30kDa"
10562,OLFM4,olfactomedin 4
10612,TRIM3,tripartite motif containing 3
10628,TXNIP,thioredoxin interacting protein
10633,RASL10A,"RAS-like, family 10, member A"
10637,LEFTY1,left-right determination factor 1
10641,NPRL2,nitrogen permease regulator-like 2 (S. cerevisiae)
10653,SPINT2,"serine peptidase inhibitor, Kunitz type, 2"
10664,CTCF,CCCTC-binding factor (zinc finger protein)
10768,AHCYL1,adenosylhomocysteinase-like 1
10769,PLK2,polo-like kinase 2
10771,ZMYND11,"zinc finger, MYND-type containing 11"
10788,IQGAP2,IQ motif containing GTPase activating protein 2
10817,FRS3,fibroblast growth factor receptor substrate 3
10904,BLCAP,bladder cancer associated protein
10912,GADD45G,"growth arrest and DNA-damage-inducible, gamma"
10950,BTG3,"BTG family, member 3"
11009,IL24,interleukin 24
11010,GLIPR1,GLI pathogenesis-related 1
11068,CYB561D2,"cytochrome b561 family, member D2"
11074,TRIM31,tripartite motif containing 31
11080,DNAJB4,"DnaJ (Hsp40) homolog, subfamily B, member 4"
11083,DIDO1,death inducer-obliterator 1
11095,ADAMTS8,"ADAM metallopeptidase with thrombospondin type 1 motif, 8"
11107,PRDM5,PR domain containing 5
11108,PRDM4,PR domain containing 4
11122,PTPRT,"protein tyrosine phosphatase, receptor type, T"
11145,PLA2G16,"phospholipase A2, group XVI"
11178,LZTS1,"leucine zipper, putative tumor suppressor 1"
11184,MAP4K1,mitogen-activated protein kinase kinase kinase kinase 1
11186,RASSF1,Ras association (RalGDS/AF-6) domain family member 1
11197,WIF1,WNT inhibitory factor 1
11200,CHEK2,checkpoint kinase 2
11219,TREX2,three prime repair exonuclease 2
11228,RASSF8,Ras association (RalGDS/AF-6) domain family (N-terminal) member 8
11281,POU6F2,POU class 6 homeobox 2
11315,PARK7,parkinson protein 7
11334,TUSC2,tumor suppressor candidate 2
11337,GABARAP,GABA(A) receptor-associated protein
22806,IKZF3,IKAROS family zinc finger 3 (Aiolos)
22807,IKZF2,IKAROS family zinc finger 2 (Helios)
22882,ZHX2,zinc fingers and homeoboxes 2
22925,PLA2R1,"phospholipase A2 receptor 1, 180kDa"
22933,SIRT2,sirtuin 2
22943,DKK1,dickkopf WNT signaling pathway inhibitor 1
22954,TRIM32,tripartite motif containing 32
23032,USP33,ubiquitin specific peptidase 33
23035,PHLPP2,PH domain and leucine rich repeat protein phosphatase 2
23036,ZNF292,zinc finger protein 292
23047,PDS5B,PDS5 cohesin associated factor B
23087,TRIM35,tripartite motif containing 35
23095,KIF1B,kinesin family member 1B
23136,EPB41L3,erythrocyte membrane protein band 4.1-like 3
23152,CIC,capicua transcriptional repressor
23189,KANK1,KN motif and ankyrin repeat domains 1
23193,GANAB,"glucosidase, alpha; neutral AB"
23221,RHOBTB2,Rho-related BTB domain containing 2
23239,PHLPP1,PH domain and leucine rich repeat protein phosphatase 1
23261,CAMTA1,calmodulin binding transcription activator 1
23300,ATMIN,ATM interactor
23327,NEDD4L,"neural precursor cell expressed, developmentally down-regulated 4-like, E3 ubiquitin protein ligase"
23328,SASH1,SAM and SH3 domain containing 1
23336,SYNM,"synemin, intermediate filament protein"
23347,SMCHD1,structural maintenance of chromosomes flexible hinge domain containing 1
23365,ARHGEF12,Rho guanine nucleotide exchange factor (GEF) 12
23376,UFL1,UFM1-specific ligase 1
23405,DICER1,"dicer 1, ribonuclease type III"
23409,SIRT4,sirtuin 4
23410,SIRT3,sirtuin 3
23411,SIRT1,sirtuin 1
23468,CBX5,chromobox homolog 5
23512,SUZ12,SUZ12 polycomb repressive complex 2 subunit
23513,SCRIB,scribbled planar cell polarity protein
23541,SEC14L2,SEC14-like 2 (S. cerevisiae)
23560,GTPBP4,GTP binding protein 4
23582,CCNDBP1,cyclin D-type binding-protein 1
23586,DDX58,DEAD (Asp-Glu-Ala-Asp) box polypeptide 58
23604,DAPK2,death-associated protein kinase 2
23612,PHLDA3,"pleckstrin homology-like domain, family A, member 3"
23635,SSBP2,single-stranded DNA binding protein 2
23671,TMEFF2,transmembrane protein with EGF-like and two follistatin-like domains 2
23705,CADM1,cell adhesion molecule 1
25792,CIZ1,CDKN1A interacting zinc finger protein 1
25833,POU2F3,POU class 2 homeobox 3
25855,BRMS1,breast cancer metastasis suppressor 1
25898,RCHY1,"ring finger and CHY zinc finger domain containing 1, E3 ubiquitin protein ligase"
25930,PTPN23,"protein tyrosine phosphatase, non-receptor type 23"
26018,LRIG1,leucine-rich repeats and immunoglobulin-like domains 1
26038,CHD5,chromodomain helicase DNA binding protein 5
26047,CNTNAP2,contactin associated protein-like 2
26136,TES,testin LIM domain protein
26257,NKX2-8,NK2 homeobox 8
26260,FBXO25,F-box protein 25
26298,EHF,ets homologous factor
26468,LHX6,LIM homeobox 6
26471,NUPR1,"nuclear protein, transcriptional regulator, 1"
26512,INTS6,integrator complex subunit 6
26524,LATS2,large tumor suppressor kinase 2
26585,GREM1,"gremlin 1, DAN family BMP antagonist"
26608,TBL2,transducin (beta)-like 2
26959,HBP1,HMG-box transcription factor 1
27022,FOXD3,forkhead box D3
27030,MLH3,mutL homolog 3
27075,TSPAN13,tetraspanin 13
27086,FOXP1,forkhead box P1
27113,BBC3,BCL2 binding component 3
27122,DKK3,dickkopf WNT signaling pathway inhibitor 3
27129,HSPB7,"heat shock 27kDa protein family, member 7 (cardiovascular)"
27132,CPNE7,copine VII
27165,GLS2,"glutaminase 2 (liver, mitochondrial)"
27173,SLC39A1,"solute carrier family 39 (zinc transporter), member 1"
27232,GNMT,glycine N-methyltransferase
27250,PDCD4,programmed cell death 4 (neoplastic transformation inhibitor)
27253,PCDH17,protocadherin 17
27302,BMP10,bone morphogenetic protein 10
27303,RBMS3,"RNA binding motif, single stranded interacting protein 3"
27316,RBMX,"RNA binding motif protein, X-linked"
27330,RPS6KA6,"ribosomal protein S6 kinase, 90kDa, polypeptide 6"
27429,HTRA2,HtrA serine peptidase 2
28996,HIPK2,homeodomain interacting protein kinase 2
29072,SETD2,SET domain containing 2
29108,PYCARD,PYD and CARD domain containing
29117,BRD7,bromodomain containing 7
29119,CTNNA3,"catenin (cadherin-associated protein), alpha 3"
29760,BLNK,B-cell linker
29914,UBIAD1,UbiA prenyltransferase domain containing 1
29948,OSGIN1,oxidative stress induced growth inhibitor 1
29959,NRBP1,nuclear receptor binding protein 1
29997,GLTSCR2,glioma tumor suppressor candidate region gene 2
29998,GLTSCR1,glioma tumor suppressor candidate region gene 1
30845,EHD3,EH-domain containing 3
49860,CRNN,cornulin
50486,G0S2,G0/G1 switch 2
50514,Dec-01,deleted in esophageal cancer 1
50943,FOXP3,forkhead box P3
51100,SH3GLB1,SH3-domain GRB2-like endophilin B1
51129,ANGPTL4,angiopoietin-like 4
51147,ING4,"inhibitor of growth family, member 4"
51177,PLEKHO1,"pleckstrin homology domain containing, family O member 1"
51196,PLCE1,"phospholipase C, epsilon 1"
51201,ZDHHC2,"zinc finger, DHHC-type containing 2"
51237,MZB1,marginal zone B and B1 cell-specific protein
51247,PAIP2,poly(A) binding protein interacting protein 2
51330,TNFRSF12A,"tumor necrosis factor receptor superfamily, member 12A"
51339,DACT1,dishevelled-binding antagonist of beta-catenin 1
51343,FZR1,fizzy/cell division cycle 20 related 1 (Drosophila)
51364,ZMYND10,"zinc finger, MYND-type containing 10"
51406,NOL7,"nucleolar protein 7, 27kDa"
51473,DCDC2,doublecortin domain containing 2
51474,LIMA1,LIM domain and actin binding 1
51523,CXXC5,CXXC finger protein 5
51548,SIRT6,sirtuin 6
51684,SUFU,suppressor of fused homolog (Drosophila)
51696,HECA,headcase homolog (Drosophila)
51700,CYB5R2,cytochrome b5 reductase 2
51720,UIMC1,ubiquitin interaction motif containing 1
51741,WWOX,WW domain containing oxidoreductase
51780,KDM3B,lysine (K)-specific demethylase 3B
53353,LRP1B,low density lipoprotein receptor-related protein 1B
54206,ERRFI1,ERBB receptor feedback inhibitor 1
54556,ING3,"inhibitor of growth family, member 3"
54583,EGLN1,egl-9 family hypoxia-inducible factor 1
54739,XAF1,XIAP associated factor 1
54756,IL17RD,interleukin 17 receptor D
54766,BTG4,B-cell translocation gene 4
54778,RNF111,ring finger protein 111
54790,TET2,tet methylcytosine dioxygenase 2
54802,TRIT1,tRNA isopentenyltransferase 1
54845,ESRP1,epithelial splicing regulatory protein 1
54904,WHSC1L1,Wolf-Hirschhorn syndrome candidate 1-like 1
54971,BANP,BTG3 associated nuclear protein
54979,HRASLS2,HRAS-like suppressor 2
54984,PINX1,"PIN2/TERF1 interacting, telomerase inhibitor 1"
55124,PIWIL2,piwi-like RNA-mediated gene silencing 2
55164,SHQ1,"SHQ1, H/ACA ribonucleoprotein assembly factor"
55193,PBRM1,polybromo 1
55223,TRIM62,tripartite motif containing 62
55233,MOB1A,MOB kinase activator 1A
55259,CASC1,cancer susceptibility candidate 1
55275,VPS53,vacuolar protein sorting 53 homolog (S. cerevisiae)
55294,FBXW7,"F-box and WD repeat domain containing 7, E3 ubiquitin protein ligase"
55450,CAMK2N1,calcium/calmodulin-dependent protein kinase II inhibitor 1
55544,RBM38,RNA binding motif protein 38
55591,VEZT,"vezatin, adherens junctions transmembrane protein"
55615,PRR5,proline rich 5 (renal)
55630,SLC39A4,"solute carrier family 39 (zinc transporter), member 4"
55654,TMEM127,transmembrane protein 127
55717,WDR11,WD repeat domain 11
55735,DNAJC11,"DnaJ (Hsp40) homolog, subfamily C, member 11"
55743,CHFR,"checkpoint with forkhead and ring finger domains, E3 ubiquitin protein ligase"
55748,CNDP2,CNDP dipeptidase 2 (metallopeptidase M20 family)
55749,CCAR1,cell division cycle and apoptosis regulator 1
55799,CACNA2D3,"calcium channel, voltage-dependent, alpha 2/delta subunit 3"
55818,KDM3A,lysine (K)-specific demethylase 3A
55840,EAF2,ELL associated factor 2
55901,THSD1,"thrombospondin, type I, domain containing 1"
55966,AJAP1,adherens junctions associated protein 1
56287,GKN1,gastrokine 1
56475,RPRM,"reprimo, TP53 dependent G2 arrest mediator candidate"
56616,DIABLO,"diablo, IAP-binding mitochondrial protein"
56666,PANX2,pannexin 2
56849,TCEAL7,transcription elongation factor A (SII)-like 7
56925,LXN,latexin
56940,DUSP22,dual specificity phosphatase 22
56954,NIT2,"nitrilase family, member 2"
56981,PRDM11,PR domain containing 11
56998,CTNNBIP1,"catenin, beta interacting protein 1"
56999,ADAMTS9,"ADAM metallopeptidase with thrombospondin type 1 motif, 9"
57107,PDSS2,"prenyl (decaprenyl) diphosphate synthase, subunit 2"
57111,RAB25,"RAB25, member RAS oncogene family"
57142,RTN4,reticulon 4
57167,SALL4,spalt-like transcription factor 4
57410,SCYL1,SCY1-like 1 (S. cerevisiae)
57447,NDRG2,NDRG family member 2
57491,AHRR,aryl-hydrocarbon receptor repressor
57509,MTUS1,microtubule associated tumor suppressor 1
57510,XPO5,exportin 5
57531,HACE1,HECT domain and ankyrin repeat containing E3 ubiquitin protein ligase 1
57575,PCDH10,protocadherin 10
57586,SYT13,synaptotagmin XIII
57599,WDR48,WD repeat domain 48
57659,ZBTB4,zinc finger and BTB domain containing 4
57727,NCOA5,nuclear receptor coactivator 5
57758,SCUBE2,"signal peptide, CUB domain, EGF-like 2"
57805,CCAR2,cell cycle and apoptosis regulator 2
57863,CADM3,cell adhesion molecule 3
58189,WFDC1,WAP four-disulfide core domain 1
58508,KMT2C,lysine (K)-specific methyltransferase 2C
59269,HIVEP3,human immunodeficiency virus type I enhancer binding protein 3
60401,EDA2R,ectodysplasin A2 receptor
60561,RINT1,RAD50 interactor 1
63035,BCORL1,BCL6 corepressor-like 1
64101,LRRC4,leucine rich repeat containing 4
64326,RFWD2,"ring finger and WD repeat domain 2, E3 ubiquitin protein ligase"
64478,CSMD1,CUB and Sushi multiple domains 1
64579,NDST4,N-deacetylase/N-sulfotransferase (heparan glucosaminyl) 4
64651,CSRNP1,cysteine-serine-rich nuclear protein 1
64682,ANAPC1,anaphase promoting complex subunit 1
64753,CCDC136,coiled-coil domain containing 136
64866,CDCP1,CUB domain containing protein 1
65009,NDRG4,NDRG family member 4
65268,WNK2,WNK lysine deficient protein kinase 2
65979,PHACTR4,phosphatase and actin regulator 4
78986,DUSP26,dual specificity phosphatase 26 (putative)
79026,AHNAK,AHNAK nucleoprotein
79192,IRX1,iroquois homeobox 1
79365,BHLHE41,"basic helix-loop-helix family, member e41"
79577,CDC73,cell division cycle 73
79626,TNFAIP8L2,"tumor necrosis factor, alpha-induced protein 8-like 2"
79633,FAT4,FAT atypical cadherin 4
79648,MCPH1,microcephalin 1
79728,PALB2,partner and localizer of BRCA2
79759,ZNF668,zinc finger protein 668
79791,FBXO31,F-box protein 31
79798,ARMC5,armadillo repeat containing 5
79831,KDM8,lysine (K)-specific demethylase 8
79893,GGNBP2,gametogenetin binding protein 2
79930,DOK3,docking protein 3
79961,DENND2D,DENN/MADD domain containing 2D
80012,PHC3,polyhomeotic homolog 3 (Drosophila)
80013,FAM188A,"family with sequence similarity 188, member A"
80023,NRSN2,neurensin 2
80198,MUS81,MUS81 structure-specific endonuclease subunit
80319,CXXC4,CXXC finger protein 4
81848,SPRY4,sprouty homolog 4 (Drosophila)
83593,RASSF5,Ras association (RalGDS/AF-6) domain family member 5
83595,SOX7,SRY (sex determining region Y)-box 7
83719,YPEL3,yippee-like 3 (Drosophila)
83742,MARVELD1,MARVEL domain containing 1
83787,ARMC10,armadillo repeat containing 10
83937,RASSF4,Ras association (RalGDS/AF-6) domain family member 4
83989,FAM172A,"family with sequence similarity 172, member A"
84152,PPP1R1B,"protein phosphatase 1, regulatory (inhibitor) subunit 1B"
84260,TCHP,"trichoplein, keratin filament binding"
84289,ING5,"inhibitor of growth family, member 5"
84295,PHF6,PHD finger protein 6
84417,C2orf40,chromosome 2 open reading frame 40
84446,BRSK1,BR serine/threonine kinase 1
84464,SLX4,SLX4 structure-specific endonuclease subunit
84525,HOPX,HOP homeobox
84632,AFAP1L2,actin filament associated protein 1-like 2
84651,SPINK7,"serine peptidase inhibitor, Kazal type 7 (putative)"
84700,MYO18B,myosin XVIIIB
84707,BEX2,brain expressed X-linked 2
84816,RTN4IP1,reticulon 4 interacting protein 1
84872,ZC3H10,zinc finger CCCH-type containing 10
84879,MFSD2A,major facilitator superfamily domain containing 2A
84897,TBRG1,transforming growth factor beta regulator 1
84911,ZNF382,zinc finger protein 382
84934,RITA1,RBPJ interacting and tubulin associated 1
85403,EAF1,ELL associated factor 1
85480,TSLP,thymic stromal lymphopoietin
89870,TRIM15,tripartite motif containing 15
89884,LHX4,LIM homeobox 4
90249,UNC5A,unc-5 homolog A (C. elegans)
90427,BMF,Bcl2 modifying factor
90480,GADD45GIP1,"growth arrest and DNA-damage-inducible, gamma interacting protein 1"
90627,STARD13,StAR-related lipid transfer (START) domain containing 13
90993,CREB3L1,cAMP responsive element binding protein 3-like 1
91133,L3MBTL4,l(3)mbt-like 4 (Drosophila)
91608,RASL10B,"RAS-like, family 10, member B"
91768,CABLES1,Cdk5 and Abl enzyme substrate 1
92304,SCGB3A1,"secretoglobin, family 3A, member 1"
92335,STRADA,STE20-related kinase adaptor alpha
92344,GORAB,"golgin, RAB6-interacting"
92597,MOB1B,MOB kinase activator 1B
93492,TPTE2,transmembrane phosphoinositide 3-phosphatase and tensin homolog 2
94031,HTRA3,HtrA serine peptidase 3
94241,TP53INP1,tumor protein p53 inducible nuclear protein 1
112399,EGLN3,egl-9 family hypoxia-inducible factor 3
112464,PRKCDBP,"protein kinase C, delta binding protein"
114757,CYGB,cytoglobin
114826,SMYD4,SET and MYND domain containing 4
114907,FBXO32,F-box protein 32
115426,UHRF2,"ubiquitin-like with PHD and ring finger domains 2, E3 ubiquitin protein ligase"
115761,ARL11,ADP-ribosylation factor-like 11
116071,BATF2,"basic leucine zipper transcription factor, ATF-like 2"
116135,LRRC3B,leucine rich repeat containing 3B
116173,CMTM5,CKLF-like MARVEL transmembrane domain containing 5
117153,MIA2,melanoma inhibitory activity 2
117581,TWIST2,twist family bHLH transcription factor 2
121227,LRIG3,leucine-rich repeats and immunoglobulin-like domains 3
122953,JDP2,Jun dimerization protein 2
123879,DCUN1D3,"DCN1, defective in cullin neddylation 1, domain containing 3"
123920,CMTM3,CKLF-like MARVEL transmembrane domain containing 3
126520,PLK5,polo-like kinase 5
127700,OSCP1,organic solute carrier partner 1
130399,ACVR1C,"activin A receptor, type IC"
134111,UBE2QL1,ubiquitin-conjugating enzyme E2Q family-like 1
135138,PACRG,PARK2 co-regulated
137075,CLDN23,claudin 23
137970,UNC5D,unc-5 homolog D (C. elegans)
139285,AMER1,APC membrane recruitment protein 1
140628,GATA5,GATA binding protein 5
140690,CTCFL,CCCTC-binding factor (zinc finger protein)-like
144165,PRICKLE1,prickle homolog 1 (Drosophila)
146691,TOM1L2,target of myb1-like 2 (chicken)
148252,DIRAS1,"DIRAS family, GTP-binding RAS-like 1"
149628,PYHIN1,"pyrin and HIN domain family, member 1"
150094,SIK1,salt-inducible kinase 1
151742,PPM1L,"protein phosphatase, Mg2+/Mn2+ dependent, 1L"
152573,SHISA3,shisa family member 3
153090,DAB2IP,DAB2 interacting protein
159989,CCDC67,coiled-coil domain containing 67
160492,LMNTD1,lamin tail domain containing 1
160728,SLC5A8,"solute carrier family 5 (sodium/monocarboxylate cotransporter), member 8"
164656,TMPRSS6,"transmembrane protease, serine 6"
167465,ZNF366,zinc finger protein 366
170692,ADAMTS18,"ADAM metallopeptidase with thrombospondin type 1 motif, 18"
171023,ASXL1,additional sex combs like transcriptional regulator 1
171024,SYNPO2,synaptopodin 2
196528,ARID2,"AT rich interactive domain 2 (ARID, RFX-like)"
199731,CADM4,cell adhesion molecule 4
200504,GKN2,gastrokine 2
201163,FLCN,folliculin
201501,ZBTB7C,zinc finger and BTB domain containing 7C
219285,SAMD9L,sterile alpha motif domain containing 9-like
219333,USP12,ubiquitin specific peptidase 12
219699,UNC5B,unc-5 homolog B (C. elegans)
220296,HEPACAM,hepatic and glial cell adhesion molecule
222235,FBXL13,F-box and leucine-rich repeat protein 13
222236,NAPEPLD,N-acyl phosphatidylethanolamine phospholipase D
253559,CADM2,cell adhesion molecule 2
253738,EBF3,early B-cell factor 3
254394,MCM9,minichromosome maintenance complex component 9
255877,BCL6B,"B-cell CLL/lymphoma 6, member B"
257218,SHPRH,"SNF2 histone linker PHD RING helicase, E3 ubiquitin protein ligase"
259230,SGMS1,sphingomyelin synthase 1
283349,RASSF3,Ras association (RalGDS/AF-6) domain family member 3
283518,KCNRG,potassium channel regulator
284406,ZFP82,ZFP82 zinc finger protein
285671,RNF180,ring finger protein 180
286319,TUSC1,tumor suppressor candidate 1
286826,LIN9,lin-9 DREAM MuvB core complex component
338442,HCAR2,hydroxycarboxylic acid receptor 2
339967,TMPRSS11A,"transmembrane protease, serine 11A"
347252,IGFBPL1,insulin-like growth factor binding protein-like 1
373863,DND1,DND microRNA-mediated repression inhibitor 1
374654,KIF7,kinesin family member 7
378708,APITD1,"apoptosis-inducing, TAF9-like domain 1"
387496,RASL11A,"RAS-like, family 11, member A"
400410,ST20,suppressor of tumorigenicity 20
401494,HACD4,3-hydroxyacyl-CoA dehydratase 4
414899,BLID,"BH3-like motif containing, cell death inducer"
644943,RASSF10,Ras association (RalGDS/AF-6) domain family (N-terminal) member 10
645811,CCDC154,coiled-coil domain containing 154
100132074,FOXO6,forkhead box O6
101927423,PANO1,proapoptotic nucleolar protein 1
103344718,HOTS,H19 Opposite Tumor Suppressor
